start,end,relation
"""超""","""恢""","决策改变,改投刘备"
"""超""","""刘璋""","冲突解决,投降行动"
"""恢""","""刘璋""","战略建议,策略转移"
"""恢""","""曹操""","观点差异,策略建议"
"""杨柏""","""马超""","忠诚下属,直接参与者"
"""麻肺汤""","""华佗""","医疗技术,特殊疗法"
"""蜀军""","""孔明""",10
"""蜀军""","""魏军""","conflict, strategic positioning"
"""蜀军""","""刘备""","commander of armies, leadership"
"""蜀军""","""姜维""","领导者,战争参与方"
"""蜀军""","""撤退""","战略撤离, 欺骗敌人"
"""蜀军""","""张飞""","command, leadership"
"""蜀军""","""雷铜""","support, execution"
"""蜀军""","""魏延""","participation, key role"
"""蜀军""","""蒙头、荡石两寨""","control transfer, victory"
"""蜀军""","""木牛流马""",实施与效益
"""霍峻""","""刘备""","投降接纳,忠诚将领"
"""祁山""","""姜维""","command, military strategy"
"""祁山""","""邓艾""","ambition, military action"
"""顾雍""","""孙权""","政策咨询, 意见反馈"
"""魏寨""","""曹真""",commandership and military management
"""郭都督""","""计谋与策略""","strategy planning, deceitful tactic"
"""曹军""","""吕蒙""",8
"""郭淮""","""孟达""","态度,评论"
"""郭淮""","""列柳城守军""","defense success, leadership"
"""郭淮""","""街亭""","defense, pursuit"
"""郭淮""","""万政 (WANZHENG)""","military command, strategic response"
"""郭淮""","""五丈原战役""","军事角色,参与事件"
"""郭淮""","""司马懿""","command, cooperation"
"""郭淮""","""姜维""","军事竞争""，评分6"
"""雅丹丞相""","""孔明""",7
"""伏皇后""","""朕""","concern for imperial safety, maternal or regal concern"
"""袁术""","""刘备""","authority dispute, opposition"
"""袁术""","""玄德""","beneficial partnership, cautious trust""<SEP>""竞争、对峙"
"""袁术""","""死亡""","power struggle, downfall"
"""袁术""","""杨大将""",8
"""袁术""","""纪灵""","联盟关系""<SEP>7"
"""袁术""","""孙策""",6
"""袁术""","""关云长""",敌对关系
"""ALEXANDER THE GREAT""","""CAESAR""",historical figure
"""夏侯渊、张郃""","""对抗行动""<|""夏侯渊与张郃共同应对来自汉中的挑战，并参与了多次战斗。",7
"""杨昂、杨任""","""与曹操的军队""","防御,冲突"
"""FANG""","""SINOCHEM""","strategic leadership, business partnerships"
"""关云长""","""曹操""","工作转变, 政治变化"
"""关云长""","""参与战斗""","支援作战,英勇表现"
"""司马师""","""高贵乡公曹髦""","power succession, imperial mandate"
"""司马师""","""命令""",9
"""张卫""","""马超""",决策者与执行者关系，冲突与对抗
"""刘繇""","""命令与决策""","指挥与服从,谨慎性"
"""刘繇""","""接应与支援""","合作与支持,战略行动"
"""邓贤""","""黄忠""",战术指挥，军事行动
"""邓贤""","""张松""","strategic interaction, planning coordination"
"""孙坚""","""刘表""",对抗与敌对关系
"""孙坚""","""祖茂""","军事失利,阵亡将士"
"""孙坚""","""传国玉玺""","占有,历史宝物"
"""孙坚""","""朱儁""","领导与被封赏关系, 战斗合作"
"""孙坚""","""颜良、文丑""","预判敌手,潜在威胁"
"""张昭""","""提出保全请求""",8
"""张昭""","""孙权""","咨询与依赖,君臣关系""<SEP>""领导、协作"
"""张昭""","""吴太夫人""",幕僚、协助
"""张昭""","""担忧""",8
"""张昭""","""曹操""","担忧与转化意识, 辩论结果"
"""张昭""","""周瑜""","意见交流, 政策辩论"
"""张辽、许褚""","""曹操""","指挥与被指挥关系, 军事行动参与"
"""张辽、许褚""","""与蒋奇军队""","追击, 战胜"
"""张郃、高览""","""救援行动""","救援与防御关系, 军事行动参与"
"""张郃、高览""","""与曹操军队""","投降, 合并部队"
"""法孝直""","""孟达""",9
"""魏王曹丕""","""禅位于魏王""",9
"""夏侯尚""","""韩浩""","teamwork, pursuit and conquest"
"""夏侯尚""","""玄德""","informing, relationship"
"""冀州""","""CAO SHAO""","control transfer, governance"
"""左慈""","""魏王""",预言、法术挑战、劝说
"""左慈""","""曹操""","超自然能力展示,冲突"
"""狱吏""","""田丰""","guard, prisoner"
"""辛毗""","""曹操""","loyalty, leadership"
"""辛毗""","""审配""","struggle, conflict"
"""辛毗""","""司马懿""",解释与建议关系，信息传递
"""孙礼""","""魏将料吾乏粮""",8
"""赵颜""","""管辂""","following, instruction""<SEP>""predictive ability, validation"
"""蜀汉""","""东吴""",同盟关系，求救行为
"""蜀汉""","""对抗""",三国的权力斗争
"""街亭""","""司马懿""",9
"""街亭""","""马谡""",6
"""琅琊太守单子春""","""管辂""","intellectual interaction, expert recognition"
"""南斗""","""管辂""","star connection, fate prediction"
"""街亭之失""","""战争结果""",9
"""北斗""","""管辂""","star connection, fate prediction"
"""王必""","""金?、吉文然兄弟等""","联盟, 计划"
"""程普""","""周瑜""","军事实务协作""，""决策支持"
"""袁熙""","""袁尚""","brotherhood, military conflict"
"""袁谭""","""曹操""","军事冲突, 决战"
"""ZHANG LU'","""CAO CAO""","consultation, leadership"" <|-> ""10"
"""LUO GUAN'IN""","""CAO CAO""","counsel seeking, trust in astrologer"" <|-> ""8"
"""LU SU""","""CAO CAO""","reaction, relationship dynamics"" <|-> ""7"
"""汉帝""","""禅位给魏王""",8
"""汉帝""","""曹公""",权力与服从
"""吉平之子吉邈、吉穆""","""董承""","关联, 间接联系"
"""马谡""","""街亭失守""","strategy failure, impact on campaign"
"""马谡""","""孔明""",领导者与被惩罚者关系，军法实施
"""金?、吉文然兄弟等""","""耿纪、韦晃二人及其家僮""","支持, 合作"
"""王朗""","""孔明""","diplomacy, negotiation"
"""王朗""","""严白虎""","cooperation for survival, negotiation"
"""灭遗火""","""曹操""",9
"""申耽和申仪""","""街道围困""",8
"""巴西""","""张郃""","attack, target"
"""高翔""","""王平""","cooperation, strategy execution"
"""虞翻""","""孔明""","回应与辩论, 意见交流"
"""天荡山""","""黄忠、严颜""","战友协作, 守卫天荡山"
"""袁尚""","""派遣""","授权, 政治权力"
"""袁尚""","""吕旷、吕翔""","忠诚与服从,军事支援"
"""袁尚""","""审配""","loyalty, military leadership"
"""刘夫人""","""杀害""","妒恶, 权力争夺"
"""张勋""","""陈宫""",8
"""张勋""","""吕布""",军事对抗
"""太傅许靖""","""赵云""","strategic consultation, advising"
"""杜袭""","""黄忠""",军事行动、战斗胜利
"""吕旷、吕翔""","""向曹操报告失败情况""","汇报责任, 失败反馈"
"""文武众官""","""汉中王""","counsel, governance"
"""博士许慈""","""汉中王""","expertise, governance""<SEP>""scholarly insight, governance"
"""谏议郎孟光""","""汉中王""","counsel, governance""<SEP>""policy consultation, governance"
"""《三国演义》""","""反映内容""",9
"""张让""","""闵贡""","pursuer and target, justice enforcement"
"""张让""","""段珪""","co-conspirators, power seizure"
"""十常侍""","""何苗""","co-conspirator, involvement in conspiracy"
"""两家""","""纪灵""&""玄德""","conflict, negotiation"
"""两家""","""BUTLER""","mediator, resolution"
"""玄德(刘备)""","""曹操""",hero relationship
"""朕""/""先主""","""赵云""","counsel, defense strategy"
"""朕""/""先主""","""张飞""","loyalty, emotional connection"
"""朕""/""先主""","""秦宓""","decision-making, influence conflict"
"""襄阳城""","""蔡瑁、张允""",7
"""张宝""","""皇甫嵩""","失败, 逃跑和受伤"
"""魏延""/""WEI YAN""","""马超""","leadership dynamics, mutual trust and respect"
"""幽州太守刘焉""","""招军""","leadership, response to threat"
"""张角""","""玄德""",追逐和潜在战斗关系
"""甄氏""","""曹操""",8
"""何进""","""何后""","family relation, power acquisition"
"""何进""","""皇子协""","royal succession, child interest"
"""何进""","""吴匡""","subordinate and superior, active involvement"
"""何进""","""与张让、段珪等人的关系""","决策, 利益关系"
"""何进""","""与袁绍的关系""","合作, 决策建议"
"""何进""","""董卓""","权力斗争, 政治谋略"
"""范疆、张达""","""张飞""","背叛, 残害"
"""范疆、张达""","""先主""","复仇, 父亲的忠诚"
"""蜀地部队""","""出师伐吴""","军事行动, 政策实施"
"""马岱""","""孔明""","指导, 执行"
"""马岱""","""执行与领导""","执行能力, 领导力"
"""马岱""","""孟获""","策略与力量,控制与反抗"
"""杨仪""","""魏延""",9
"""杨仪""","""费袆""",9
"""杨仪""","""退兵计划""","遵命与实施, 计划与执行"
"""杨仪""","""姜维""","7""<SEP>8"
"""杨仪""","""孔明""","信托与责任, 领导与被授权者"
"""黄忠""","""角色与能力""",战场角色与战斗技能
"""黄忠""","""韩玄""",9
"""黄忠""","""魏延""","团队合作, 策略执行"
"""黄忠""","""刘备""","投降接纳,忠诚将领"
"""黄忠""","""孔明""","strategic insight, understanding"
"""黄忠""","""法正""",战术执行、战略依从
"""黄忠""","""曹操""","冲突,战斗"
"""DENG YU""","""DONG ZHUO""","strategic advice, pursuit"
"""DENG YU""","""LI DAN""","command, subordinate"
"""DENG YU""","""YUE JIN""","command, subordinate"
"""AI ETHICS""","""DATA PRIVACY""","ethics-data protection relationship"" <|""8"">"
"""张将军""","""督邮""","暴力冲突, 被动施害者"
"""督邮""","""关公""","道德原则, 对抗不正"
"""卢植""","""玄德""(刘备)",8
"""玄德""(刘备)","""关公""(关羽), ""张飞""","玄德和关公，张飞三人共同行动，并在战斗中相互协助.""|>|>""cooperation, unity"
"""曹操""(CAO CAO)","""刘备""","alliance, protection"
"""传国玉玺""","""袁绍""","要求归还,权力之争"
"""张苞""","""孔明""",7
"""张苞""","""姜维""",7
"""张苞""","""吴班军马""","职责, 同事关系"
"""张苞""","""关兴""","teamwork, strategic cooperation""<SEP>""同袍关系, 同时作为先锋"
"""张苞""","""谭雄""",9
"""张苞""","""御营""","reconnaissance, part of the force"
"""先主""","""李意""","请求帮助, 预言者与求助者关系"
"""百姓""","""曹操""","兵源使用, 宽容威胁"
"""陈仓城""","""郝昭""",9
"""张绣""","""曹操""","战败与反攻""<SEP>8"
"""张绣""","""贾诩""",策略提供者与接受方
"""张绣""","""刘表""","盟友与合作""<SEP>7"
"""刘璋""","""采纳或不采纳郑度的建议""","决策者与顾问,策略选择"
"""刘璋""","""张得""","representation, diplomatic mission"
"""刘璋""","""杨雄""","seeking advice, strategic consideration"
"""刘璋""","""王累""","loyalty issue, anti-invasion stance"
"""刘璋""","""刘备""","brotherhood, conflicting interests""<SEP>""collaborative leadership, state partnership"
"""张绣家人""","""贾诩""",8
"""乌桓触""","""曹操""","loyalty shift, political allegiance"
"""王双""","""魏国军队""",9
"""何太后""","""与十常侍的关系""","权力争夺, 建议与批评"
"""赵咨""","""孙权""",9
"""赵咨""","""曹操""",9
"""董后""","""与十常侍的关系""","权力欲望, 个人情绪"
"""曹公""","""辽""",建议与行动
"""李恢""","""东川张鲁""",建议者与接受者关系，策略执行
"""邢贞""","""孙权""","外交,封爵"
"""吴国""","""西蜀""",联盟关系
"""吴国""","""孙桓""",国家内部关系
"""麴义""","""斩将搴旗""","leading charge, courage"
"""李异""","""首关兴""",7
"""陈珪""","""陈登""","父子关系,合作谋略"
"""的卢马""","""玄德""",7
"""蔡夫人""","""蔡瑁""","supportive leadership, strategic collaboration"
"""张鲁""","""刘备""","opposition, regional rivalry"
"""张鲁""","""命令军队""","领导与决策,军事行动"
"""张鲁""","""命令李严""","领导者与下属,军事决策"
"""张鲁""","""杨松""","openness to advice, reliance on information""<SEP>""政治联盟，利益交换"
"""张鲁""","""夏侯渊""","领导,防务管理"
"""张鲁""","""曹操""","military action, conquest"
"""张鲁""","""事件""","threat, conflict"
"""张鲁""","""玄德""","territorial dispute, power struggle"
"""孙高、傅婴""","""孙权""","执行与服从,领导关系"
"""冯习""","""吴班""",8
"""冯习""","""关兴""","command, defense"
"""冯习""","""吴兵""","attack, confrontation"
"""徐氏""","""孙权""","暗示的策略参与,间接的影响关系"
"""苏飞""","""孙权""","判决,惩罚)"
"""祁山寨""","""孔明""",10
"""崔禹""","""关兴、张苞""",9
"""韩当""","""支援陆逊""","战场合作,决策参与"
"""吴班、吴懿""","""孔明""",10
"""凌统""","""甘宁""","仇恨,报复)"
"""甘宁""","""黄祖""","转变效忠,决裂关系""<SEP>7<SEP>冲突,对抗)"
"""甘宁""","""孙权""",8
"""甘宁""","""潘璋""",7
"""甘宁""","""鲁肃""","执行者-提供者关系"" <|"
"""甘宁""","""周瑜""","下属与上级关系"" <|"
"""甘宁""","""蔡中""",10
"""王垕""","""杜预""","协同作战,胜利贡献"
"""CAO CAO""","""RONG SHAN""","geopolitical tension, military threat"
"""LIU BIAO""","""RONG SHAN""","local governance, strategic planning"
"""曹洪""","""与何曼战斗""",8
"""曹洪""","""曹操""","command, alliance"
"""曹洪""","""张郃""","队伍关系,射击技巧"
"""曹洪""","""张?""","冲突, 军事决策"
"""MENG JI""","""CAO HUI""","alerting, warning"
"""RONG SHAN""","""LIU BEI""","strategic decision-making, location-based choice"
"""蔡瑁""","""赵云""",8
"""蔡瑁""","""刘表""","loyalty, familial ambition, conspiratorial role"
"""关兴、张苞""","""孔明""",10
"""吴军""","""李异和谢旌""","军事合作,对抗行动"
"""韩当、周泰""","""孙权""","loyalty to Sun Quan, defending against invasion"
"""诸葛恪""","""滕胤""","personal enmity, catalyst for murder"
"""诸葛恪""","""REPLACED""","succession, leadership transition"
"""绣""","""操""",8
"""马忠""","""蛮兵""","俘虏,对抗"
"""蒯越""","""曹操""",advice-giving to Cao Cao
"""蒯越""","""瑁""",decision-making cooperation
"""蒯越""","""蔡瑁、张允""",6
"""魏主曹睿""","""张郃""",7
"""魏主曹睿""","""司马懿""",请示和授权关系，权力结构
"""丁原""","""布""","背叛与复仇,斗争冲突"
"""夏侯霸""","""卑衍""","battle, conflict"
"""夏侯霸""","""姜维""","说服与结盟""，评分8"
"""徐州吕布""","""曹操""","军事决策,策略分析""<SEP>""战略决策，形势评估"
"""陈珪父子""","""曹操""","奖励与忠诚""<SEP>""建议与影响""<SEP>""建议与影响力""<SEP>""忠诚与赏赐"
"""檀溪""","""玄德""",9
"""剑阁""","""姜维""","strategic maneuvering, conquest"
"""大都督""","""陆逊""","指挥权,领导能力"
"""北原营地""","""诸葛亮""","战略部署,对敌行动"
"""丁管""","""李儒""","威胁与制裁,权力斗争"
"""陈留王协""","""董卓""","皇权更替,阴谋诡计"
"""刘琦""","""玄德""","leadership, strategy"
"""吴主孙权""","""DIED""","death, posthumous honor, burial"
"""吴主孙权""","""孔明""","联盟意向,政治策略""| 8"
"""秦朗""","""郑文""","战场对决,敌对关系""|7"
"""郑文""","""木牛流马""",8
"""庞统""","""玄德""","领导与谋士, 智策提供"
"""庞统""","""孔明之书""","疑虑,战略差异"
"""庞统""","""曹操""","交流信息, 获得信任""<SEP>""军事竞争,领导关系"
"""庞统""","""徐庶""","友情,策略交流"
"""庞统""","""孔明""","尊敬,赏识""<SEP>""引入新成员、合作"
"""庞统""","""鲁肃""","推荐,机会提供""<SEP>""荐才, 推动合作"
"""庞统""","""赤壁""","历史事件参与,军事策略贡献"
"""庞统""","""刘皇叔""",抉择与投靠，机会与考量
"""马良""","""询问与讨论""","咨询与合作"" < | >7"
"""水镜""","""单福(徐庶)""","推荐关系,"
"""水镜""","""伏龙、凤雏""","推荐与评价,"
"""伏龙、凤雏""","""玄德""","寻找与尊重,"
"""郑文的同乡中原人""","""孔明""",7
"""戴陵""","""张郃""","团队协作, 信息交流"
"""张?""","""玄德""","指导, 计谋分享"
"""魏兵""","""公孙渊兵""","conflict, warfare"
"""魏兵""","""坚守""",9
"""魏兵""","""诸葛亮""","conflict, combat"
"""魏兵""","""王平""",9
"""魏兵""","""孔明""","对抗, 战略策略""<SEP>""战略决策,对敌行动"
"""魏兵""","""岑威""","commandership, military strategy"
"""魏兵""","""张嶷、魏延、姜维、廖化、郭淮等人物""","conflict, opposing forces"
"""魏兵""","""张翼""","胜利,英勇行为"
"""魏兵""","""蜀兵""","enemy relationship, combat""<SEP>""军事冲突,交战""<SEP>""冲突,战争对抗""<SEP>""冲突结果,军事胜利"
"""魏国""","""曹丕""","决策,军事行动"
"""吕伯奢""","""曹操""","误会, 恐惧, 杀人"
"""BLOCKCHAIN""","""CYBERSECURITY""","technological security enhancement"" <|""7"">"
"""黄承彦""","""刘备""","传承, 战略共享"
"""木牛流马""","""诸葛亮""",领导与创新
"""木牛流马""","""孔明""","strategic utilization, innovation"
"""木牛流马""","""王平""","control, strategic execution"
"""南郡""","""曹仁""",">防守策略,地盘控制)"
"""南郡""","""东吴""","ambitions, territorial intent"
"""刘琮""","""投降行动""",决策与地理控制
"""刘琮""","""玄德""",6
"""刘琮""","""王威""",7
"""明公""","""玄德""",8
"""明公""","""云长""",9
"""蔡中郎""","""蔡邕""",6
"""韩馥""","""袁绍""",冲突与争夺权力
"""韩馥""","""JIZHOU""","power transition, leadership change"
"""韩馥""","""潘凤""","指挥决策, 上将派遣"
"""丞相神射""","""玄德""","praise, admiration"
"""东吴三路兵马""","""陆逊""","战略指导, 人员调动"
"""天子洪福耳""","""帝""","supernatural blessing, divine protection"
"""单福""","""提供方法来解除马的不祥之气""","建议, 解决方案"
"""单福""","""徐庶""",6
"""蜀兵与魏民相杂种田的活动""","""和平共处策略""",文化融合，长期策略
"""围场""","""宴于许田""","royal banquet, celebration"
"""差人""","""晓谕居民""",9
"""东门外""","""埋伏赵云""",9
"""伏完""","""皇丈亦知操贼之专横""","insight into political dynamics, concern for empire stability"
"""轲比能""","""鲜卑王国""","外交关系,潜在的军事联盟"
"""曹真""","""曹睿""","汇报,请求"
"""曹真""","""孔明""","strategy provision, influence on decision-making"
"""曹真""","""刘晔""","建议,参与决策"
"""曹真""","""司马懿""","权力共享,角色变化"
"""甘夫人""","""赵云""","protector, critical action"
"""五丈原战役""","""诸葛亮""","领导角色,战略决策"
"""糜夫人""","""赵云""","heroic protection, respect for motherhood"
"""王子服""","""董承""","忠诚, 友谊, 共同对抗"
"""后主""","""姜维""","loyalty, political influence"
"""后主""","""姜维、黄皓""",信息传递与沟通障碍，政治决策
"""后主""","""孔明""",忠诚、信任、领导关系
"""董允""","""孔明""","指导, 支持"
"""瑁""","""张允""",joint decision-making with Zhang Yun
"""张允""","""曹操""",promotion to governing positions under Cao Cao
"""羌人""","""姜维""","联盟与对抗""，评分7"
"""车胄""","""遇害""","assassination, conflict"
"""文聘""","""曹休""","队伍关系,竞争争夺"
"""王平、廖化、张嶷、张翼、吴懿等""","""孔明""","领导与下属, 信任与责任"
"""徐庶""","""曹操""",7
"""徐庶""","""玄德""",8
"""众将""","""孔明""","领导, 讨论"
"""众将""","""司马懿""",领导与下属关系，决定权与抗议
"""吴王""","""张温""",8
"""阿斗""","""赵云""","parental responsibility, protection desire""<SEP>10"
"""邓芝""","""张温""",6
"""邓芝""","""孔明""",任务分派与执行关系
"""张温""","""秦宓""",5
"""张温""","""天有头乎？天有耳乎？天有足乎？天有姓乎？""秦宓问天的多个问题，显示对自然和宇宙的深入探讨。)",9
"""张温""","""吕布""","权力斗争,联盟与背叛关系"
"""张温""","""董卓""","权力冲突,误会与复仇关系"
"""卧龙冈""","""GEO""","地点关联, 寻访目标"
"""陈式""","""孔明""","领导与被领导者关系, 战略指导"
"""韩嵩""","""俘虏释放""",权力释放与战略影响
"""秦宓""","""上至天文，下至地理等知识领域中的无所不通。",10
"""张杨、孔融""","""李傕、郭汜""","集团对抗,力量争夺"
"""朱灵、路昭""","""曹操""",领导、命令
"""西蜀""","""刘备""","leadership, military operation"
"""董寻""","""孙权""",6
"""徐盛""","""吴王孙权""",任务分配与指挥关系
"""徐盛""","""孔明""","冲突,竞争"
"""刘豫州""","""孔明""","支持与理解, 评价"
"""步骘""","""孔明""","自辩与解释, 观点争执"
"""魏主""","""陆逊用兵能力""",军事评价，战略洞察
"""毛皇后""","""曹睿""",宠爱与失宠，情绪变化
"""郭夫人""","""曹睿""",宠爱，共赏乐
"""薛综""","""孔明""","辩论,观点交锋""|>8"
"""东吴人马""","""诸葛亮""",10
"""南蛮""","""诸葛亮""",9
"""严酸""","""孔明""","学术辩论，质疑实学能力""|>6"
"""蒋琬""","""孔明""",8
"""费袆""","""孔明""",9
"""费袆""","""魏延""",7
"""关索""","""诸葛亮""",10
"""郭图""","""简雍""","工作伙伴, 顾问"
"""郭图""","""玄德""","交流, 决策讨论""|"
"""郭图""","""建议""","谋略分享, 决策建议"
"""都督""","""玄德""",">战略联盟,地盘争夺)"
"""曹爽""","""司马懿""","co-governance, power shift""<SEP>""政变企图,权力争夺""<SEP>8"
"""曹爽""","""李胜""","信使角色,信息收集"
"""曹爽""","""何晏""","advice provision, political concern"
"""鄂焕""","""孔明""",9
"""鄂焕""","""魏延""",9
"""鄂焕""","""高定""","command and loyalty, military leadership""<SEP>8"
"""鄂焕""","""雍闿""","betrayal, confrontation"
"""高定""","""孔明""","interaction, guidance""<SEP>8"
"""高定""","""朱褒""","capture, political maneuvering"
"""张翼""","""孔明""","策略制定, 合作"
"""张翼""","""司马懿""","竞争, 冲突"
"""许攸""","""曹操""",6
"""田丰""","""绍""","决策冲突, 冲动与惩罚"
"""田丰""","""袁绍""","military advisor, loyalty"
"""沮授""","""绍""","策略冲突, 权威与决策"
"""沮授""","""警报警告""","警告与被忽视的关系, 战略建议"
"""沮授""","""袁绍""","military advisor, loyalty, defeat"
"""刘岱、王忠""","""响应曹操命令""",7
"""王忠""","""刘岱""","领导与追随关系,战斗中的盟友""."
"""黄盖""","""曹操""",外交策略、背叛与忠诚冲突
"""黄盖""","""孔明""","strategy, manipulation""<SEP>""辩论,介入对话""|>7"
"""黄盖""","""参与诈降""",8
"""黄盖""","""江东名将""","competition, surrender attempt"
"""黄盖""","""周瑜""","strategy execution, cooperation"
"""黄盖""","""孙权""","指挥与服从关系"", ""军事合作"
"""金环三结元帅""","""孔明""","战略指导,军事策略"
"""董荼那""","""赵云""","capture, strategic execution"
"""赵云、魏延""","""孔明""","上层决策者与执行者关系, 指挥与被指挥"
"""桓范旧吏司蕃""","""太傅司马懿""",7
"""简雍""","""孙乾""",伙伴关系
"""王平、关索""","""孔明""","strategy planning, cooperation"
"""张嶷""","""蛮兵""","俘虏,对抗"
"""祢衡""","""曹操""","批评指责, 反抗行为"
"""蛮兵""","""孔明""","外交与和平,接纳与尊重"
"""瑜""","""孔明""","strategic opposition, wisdom vs. power"
"""毛?、""","""曹操""","military conflict, rivalry"
"""吕凯""","""孔明""","建议与采纳,知识与策略"
"""蒋干""","""曹操""","information relay, strategy deployment"
"""蒋干""","""周瑜""","尝试沟通, 影响策略"
"""管辂""","""曹操""","占卜师, 询问, 咨询""<SEP>9"
"""管辂""","""卜算能力""",9
"""钟会""","""邓艾""",7
"""钟会""","""关中精兵""",9
"""钟会""","""处分""",9
"""钟会""","""姜维""","军事对话, 梦境讨论""<SEP>""合作与计划""<SEP>""建议与合作"
"""钟会""","""司马昭""",7<SEP>8
"""黄祖""","""刘表""","派遣行动, 决策角色"
"""雍州""","""诸葛绪""","defense duty, loyalty"
"""吴硕""","""马腾""",组织决策、团队协商
"""蔡和""","""周瑜""","authority, decision-making"
"""蔡中、蔡和""","""丞相曹操""",背叛、间谍活动
"""蔡中、蔡和""","""曹操""","阴谋策划, 间谍行动"
"""董妃""","""曹操""","authority, death order"
"""曹操军队""","""许褚""",忠诚，领导与被领导者关系
"""朵思大王""","""孟获""","领导者与被指导者,联盟与合作""<SEP>8"
"""朵思大王""","""孟获、孟优""","联合与交流,社会关系"
"""胡遵""","""出兵""",9
"""毋丘俭""","""考虑战术""",8
"""秃龙洞""","""孟获""","防御与躲藏,地理位置关系"
"""毛?""","""荀彧""","信息交流,策略合作"
"""孙峻""","""滕胤""","confidential planner, accomplice"
"""孙峻""","""孙亮""","loyal supporter, executive"
"""万安隐者""","""伏波将军""","guidance, divinity"
"""万安隐者""","""孔明""","guidance, divine revelation"
"""万安隐者""","""朵氏洞主""","mediation, interaction"
"""哑军""","""孔明""","leadership, communication aid"
"""吴主孙亮""","""全后""","family relationship, political power struggle"
"""辽""","""刘使君""",提及与影响
"""徐质""","""领令""",领导与执行
"""魏师""","""受困""","被困与应对"" <|-6"
"""带来洞主""","""孟获""","信息传递,联盟构建"
"""带来洞主""","""木鹿大王""","建议与支援,战略联盟"
"""木鹿大王""","""孔明""","军事战术,对战策略"
"""三江城""","""孟获""","领地控制,交易中心"
"""洞主""","""孔明""","征服者与防御者,战略对峙"
"""融夫人""","""蜀兵""","对抗,战斗技能"
"""红油柜车""","""孔明""","军事策略,武器准备"
"""关云长（关羽）""","""刘备""",领导和辅助，战略合作
"""关云长（关羽）""","""孔明（诸葛亮）""",战略协作和执行
"""关云长（关羽）""","""曹操""",恩怨冲突、道德考量
"""兀突骨""","""藤甲军""",9
"""藤甲军""","""孟获""",9
"""关某""","""庞德""",9
"""关某""","""马超""",8
"""文钦""","""参与行动""",9
"""文钦""","""文鸯、文虎""",8
"""太史慈""","""孔融""",救援与合作
"""太史慈""","""刘玄德(刘备)""",救急与承诺
"""太史慈""","""太史亨""",6
"""太史慈""","""行动与策略""","主动性,战斗精神"
"""太史慈""","""投降于孙策""","投降行为, 人物关系转变"
"""太史慈""","""孙策""","alliance, cooperation"
"""颜良、文丑""","""弓弩手""","archers, action"
"""东南风""","""周瑜""","军事计划, 等待时机"
"""东南风""","""孔明""","预判, 风向"
"""诸葛诞""","""执行""",8
"""诸葛诞""","""蒋班、焦彝""",9
"""诸葛诞""","""坚守者""","守城,防御"
"""诸葛诞""","""司马昭""","军事联盟,敌对冲突"
"""郑袤""","""建议战略""",9
"""项城""","""防御要点""",9
"""赤兔马""","""李肃""","礼物馈赠, 劝说准备"
"""马腾""","""韩遂""",联盟与合作关系
"""马腾""","""李傕""",军事冲突关系
"""马腾""","""曹操""","召见与谈判、权力关系""<SEP>""忠义、反对派系斗争"
"""满伯宁""","""曹操""","联盟, 沟通"
"""吴侯""","""官吏""","administration management, loyalty"
"""吴侯""","""曹操""","联盟, 攻击"
"""吴侯""","""刘备""",政治关系，联盟构建
"""吴侯""","""周瑜""",领导、支援
"""曹睿""","""夏侯渊""","领导与军事顾问关系, 军事决策"
"""王经""","""髦""",领导与忠臣关系
"""陈泰""","""贾充""",建议者与被建议者关系
"""陈泰""","""狄道城""","military campaign, strategic target"
"""韩福""","""孔秀""",7
"""韩福""","""关公""",9
"""孔秀""","""关公""",7
"""卞喜""","""王植""","计划暗害,敌对关系"
"""普净""","""关公(关羽)""","引导,协助,洞察"
"""洮水得胜""","""邓艾""","strategic success, impact on strategy"
"""曹髦""","""司马孚""",哀悼与责任关系
"""二位夫人""","""关公(关羽)""","保护关系,家庭责任"
"""臣""","""受先帝托孤之重""",loyalty and responsibility
"""臣""","""安敢有异心""",commitment to loyalty
"""臣""","""提一旅之师，先破蜀，后伐吴""",strategy for conflict resolution
"""臣""","""南方已定，甲兵已足""",confirmation of regional stability and readiness for further actions
"""臣""","""北征，恐劳神思""",consideration of the ruler's well-being during critical missions
"""吴、蜀""","""奸计""",conflict with external forces
"""延""","""公""","决策, 争议"
"""公""","""夏侯惇""","冲突, 阻止行动"
"""贾充""","""成□和成济""",领导者与属下关系
"""贾充""","""晋主炎""","决策分歧,观点对比"
"""贾充""","""皓""","质询,对话"
"""华容道""","""曹操""",关键战役、生死考验
"""韩德""","""夏侯惇""","直接军事冲突关系, 战争中的对峙"
"""老翁""","""关公""",8
"""真知子莫若父也""","""关公""",7
"""从人""","""关公""",9
"""朱异""","""东吴先锋""","东吴,作战"
"""韩琼""","""赵云""","victory, combat skill"
"""王基""","""派兵""",8
"""韩瑶""","""赵云""","capture, reporting victory"
"""元绍""","""张飞""","displeasure, removal"
"""孔融""","""陈元龙""","advice, collaboration"
"""孔融""","""曹操""","忧虑, 保护行为""<SEP>9"
"""孔融""","""推荐祢衡""",8
"""魏军""","""夏侯惇""","command structure, military leadership"
"""魏军""","""夏侯尚和徐晃""",9
"""魏军""","""追击""","追赶, 安全担忧"
"""公孙瓒""","""CAO SHAO""","conflict emergence, territorial dispute"
"""公孙瓒""","""袁绍""","战略合作,诸侯联盟"
"""公孙瓒""","""曹操""","询问与验证,了解人物背景"
"""崔谅""","""杨陵""","合作决策, 计划"
"""黄皓""","""影响着政策决策""","权力利用, 决策误导"
"""黄皓""","""影响政策""","政策误导, 政治影响"
"""黄皓""","""姜维""","political awareness, strategic consideration""<SEP>""strategic decision, conflict of interest"
"""杨陵""","""孔明""","联盟, 智谋"
"""杨陵""","""安定军马""","trust issue, loyalty test"
"""赵子龙""","""姜伯约""","direct competition, identification"
"""赵子龙""","""玄德""",9
"""SAM RIVERA""","""INTELLIGENCE""","沟通, 学习过程"
"""ALEX""","""FIRST CONTACT""","探索行动, 领导决策"
"""孙綝""","""孙据、刘丞、孙恩、孙干、孙?""(""",9
"""云长""","""张飞""","comradeship, military partnership"
"""云长""","""孔明""","intuition, military strategy"
"""孔明（诸葛亮）""","""曹操""",战略规划者，对抗和辅助角色
"""诸葛瑾""","""孙权""",8
"""梁绪""","""孔明""","personal connection, potential cooperation"
"""曹仁""","""曹操""","指挥, 派遣"
"""曹仁""","""曹操麾下的将领""","领导关系, 军队指挥"
"""曹仁""","""周瑜""",">合作,指挥与被指挥)"
"""尹赏""","""孔明""","alliance formation, dialogue"
"""郭嘉""","""推荐""","荐才,人才引入"
"""徐州""","""陈宫""","战略防御,建议关系"
"""刘辟、龚都""","""孙策""","邀约合作,"
"""邓将军""","""王瓘""","盟友,计划发起者"
"""马遵""","""姜维""","strategy recognition, city defense"
"""典韦""","""曹操""",9
"""刘玄德""","""曹操""","conflict, leadership"
"""刘玄德""","""陶谦""","support, assistance"
"""刘玄德""","""董承""",寻求联盟、政治行动
"""刘玄德""","""娶夫人之事""",婚姻、联盟
"""刘玄德""","""参与战斗""","团队作战,领袖作用"
"""使者""","""满宠""","外交使命,策略传达"
"""全纪""","""全后""","family relationship, political support"
"""HANZHONG WANG""","""GRANTING TITLE""",荣誉与责任关系
"""于吉""","""被囚于狱中""",7
"""于吉""","""孙策""",命运、影响
"""FABI SHIREN"" AND ""MILI FANGFANG""","""WERE THE LEADING GENERALS""",9
"""李傕、郭汜""","""布方""","conflict, confrontation"
"""李傕、郭汜""","""对抗政府""","政治冲突,叛乱领袖"
"""李傕、郭汜""","""与曹操对抗""","政治冲突,军事对抗"")"
"""陈宫""","""吕布""","谏言与保护""<SEP>7"
"""陈宫""","""建议和策划""","strategic advisor, plan execution"
"""陈宫""","""曹操""","忠诚与背叛, 误解"
"""于禁""","""庞德""","command relationship, strategic collaboration"
"""于禁""","""关羽""","兵家冲突,战略交锋""|>9"
"""于禁""","""李堪""",8
"""荀彧""","""劝谏曹操""",7
"""荀彧""","""曹操""","loyalty to Han Dynasty, opposing opinions""<SEP>""建议提供, 策略展示"
"""荀彧""","""董昭""","opposing views on power, discussion"
"""孙休""","""干休（老人）""","warning, leadership advice"
"""程昱""","""曹操""","strategic advice, leadership assistance""<SEP>8"
"""程昱""","""谋略""","指导、战略"" <|-5>"
"""关羽""","""庞德""","勇者对决,精神对抗""|>8"
"""关羽""","""挑战与应对""",军事行动与对手交锋
"""关羽""","""张飞""","leadership discussion, personal responsibility"
"""关羽""","""魏延""",8
"""关羽""","""穿着旧袍与丞相新赐之物关系""",8
"""关羽""","""内院二夫人哭倒于地事件中的关怀""",7
"""关羽""","""刘备""","兄弟关系,军事伙伴"
"""周仓""","""庞德""","协同作战,技能互补""|>7"
"""周仓""","""关公""","command, execution"
"""汉中王""","""玄德""","地位提升,政权建立"
"""汉中王""","""刘备集团""","政权建立,领袖身份"
"""汉中王""","""刘备""",盟友关系
"""汉中王""","""孟达""","决策者与潜在威胁的关系""，强度为8<SEP>8"
"""汉中王""","""刘封""",7
"""汉中王""","""赵云""",advice on warfare and governance
"""吴太夫人""","""孙策""",继承、指导
"""董太师(董卓)""","""允""","对话, 策略制定"" <|"
"""天子""","""董承""","君臣关系, 赐予与被给予"
"""李肃""","""丁建阳""","不满/怨恨, 动机"" <|"
"""丁建阳""","""玄德""","信任,道德判断"
"""貂蝉""","""吕布""","romantic involvement, personal risk""<SEP>""情感联系,忠诚,牺牲""<SEP>""爱情, 冲突"
"""貂蝉""","""董卓""","power dynamics, political manipulation""<SEP>""控制, 情感吸引力""<SEP>""权力操控,合作与利用关系"
"""貂蝉""","""王允""","保护、教育与利用关系""<SEP>""利用, 操作"
"""严颜""","""张飞""",9
"""师纂""","""邓艾""","指挥决策,战略部署"
"""师纂""","""姜维""","warning, protection"
"""李儒""","""董卓""","顾问关系,谋略提供"
"""李儒""","""蔡邕""","推荐与影响,政治策略"
"""刘贤""","""投降行动""","投降, 决策"
"""王允""","""董卓""","political rivalry, power struggle""<SEP>""对抗,维护正义"
"""皇甫嵩""","""朱儁""","信息传递, 胜利消息"
"""张济""","""董卓余党""","loyalty, affiliation"
"""张济""","""李傕""","influence, power extension"
"""张济""","""韩遂""",追赶与避免捉拿关系
"""艾谓望""","""姜维""","strategic knowledge exchange, military strategy"
"""樊稠""","""董卓余党""","association, alliance"
"""樊稠""","""郭汜""","cooperation, joint efforts"
"""樊稠""","""李傕""","领导关系,惩罚行为"
"""石广元""","""孟公威""","观察者视角, 不积极参与"
"""武侯""","""姜维""","strategy inheritance, application of strategy"
"""鲍隆""","""赵范""","co-conspirator, deceit""<SEP>""decision-making, collaboration"
"""鲍隆""","""陈应""","partnership, betrayal"
"""马超""","""张飞""","直接对抗, 互相挑战"
"""马超""","""孔明""",策略提供者，目标对象关系
"""马超""","""朕""/""EMPEROR""","emotional connection, strategic flexibility"
"""马超""","""曹操""","疑虑与验证，忠诚度测试""<SEP>9"
"""马超""","""韩遂""","政治博弈,忠诚与疑虑""<SEP>""盟友关系，共同作战"
"""马超""","""曹兵""",9
"""赵范""","""陈应""","co-conspirator, deceit""<SEP>""military action, capture"
"""曹丞相""","""庞德""","influence of authority, bribery"
"""李傕""","""郭汜""","collaboration, power alliance""<SEP>""伙伴与合作关系"
"""李傕""","""韩遂""","cooperation, alliance"
"""郭汜""","""与""",郭汜和李傕在文本中被描述为两个势力，他们共同行动并参与了对皇帝的威胁。他们的行为是相互关联的，并且影响着故事的发展。
"""郭汜""","""曹操""",合作伙伴关系
"""杨修""","""魏王""",理解与预言
"""杨修""","""曹操""","理解冲突, 情感变化"
"""杨修""","""张松""","interaction, intellectual exchange"
"""杨修""","""杨彪""","family relation, official position"
"""魏王""","""曹操""","对立关系,权力争夺"
"""曹植""","""曹丕""","兄弟间的关系""，强度为7"
"""曹丕""","""司马懿""",咨询与决策关系
"""曹丕""","""刘封""","决策者与被处置者的关联""，强度为9"
"""曹丕""","""陆逊""","战略竞争, 军事冲突"
"""韩玄""","""指挥与角色""",地方领导与军事角色
"""庞德""","""关公""","warfare, strategic interaction"
"""庞德""","""曹操""","争取人才,外交策略""<SEP>10"
"""庞德""","""杨松""","information relay, indirect action""<SEP>""information role, indirect influence"
"""庞德""","""韩遂""",盟友关系，战斗参与
"""孔明/","诸葛亮""",孔明通过书信给刘备提供策略以帮助解决当前的危机。“
"""刘封""","""与""",两人共同在战役中并肩作战，显示他们之间的协作关系。
"""孟达""","""诸葛亮""","联系,意图"
"""孟达""","""孔明""","战略期望,警诫"
"""孟达""","""司马懿""","betrayal, deception""<SEP>""军事对抗,安全维护"
"""孟达""","""申耽、申仪""","participation, involvement"
"""孟达""","""刘备""","政治变换,策略选择"
"""王平""","""孔明""","策略制定, 决策""<SEP>""领导与下属关系，惩罚与解释责任"
"""王平""","""辅助行动""","战略合作, 智慧交流"" <|"
"""王平""","""司马懿""","竞争, 冲突"
"""邓艾 ""","""欺诈事件""","欺骗, 虚假信息"
"""帝""","""李傕郭汜""","authority, power dynamics"
"""帝""","""曹操""","loyalty, empathy""<SEP>""封赏,权力集中"
"""帝""","""南方""","权力分配,统治策略"
"""帝""","""朕夜来与后说霸河之苦，念国舅大功""","confidential discussion about state affairs, recognition of efforts"
"""帝""","""朕想卿西都救驾之功，未尝少忘，无可为赐""","recognition of past services, gratitude"
"""帝""","""卿亦当如此二人立于朕侧""","comparison to historical figures, emphasis on the role of advisors"
"""朱儁""","""赵弘, 孙仲""",冲突和抵抗
"""韩遂""","""曹操""","策略互动,政治合作与冲突"
"""王瓘""","""邓艾""","盟友,计划参与者"
"""许靖""","""孔明""",7
"""洮阳""","""邓艾""","战略规划,伏击策略"
"""洮阳""","""姜维""","行动指挥,战场决策"
"""法正""","""提供战略信息""","顾问与指导,<>智谋共享"
"""法正""","""张郃""",策略分析、军事指挥
"""法正""","""夏侯渊""",幕后指导、策略建议
"""法正""","""决策者""","strategic advisor, decision-making support"
"""法正""","""刘备""","strategic advisor, leadership guidance"
"""董承""","""玄德""","密谋、警告"")"
"""董承""","""曹操""","权力斗争, 政治谋略"
"""江东""","""孙权""","权力和领导关系, 地域和战略联盟"
"""贾华""","""国太""",执行、保护关系
"""太史慈将军""","""后槽""",6
"""刘琰""","""姜维""","loyalty, support"
"""洮阳兵""","""姜维""","command, military action"
"""蜀主刘禅""","""西城将士""",7
"""荆州城池""","""刘备""","领土交换, 政治交易"
"""姜维屯田者""","""邓艾""",8
"""乔国老""","""分付刘玄德为女婿""",父辈角色、决策影响
"""五百军""","""玄德""","保护, 随从关系"
"""阳安关""","""钟会、邓艾""","strategic breach, military advance"
"""许仪""","""军法""",10
"""孙夫人""","""刘备""","support, collaboration"
"""孙夫人""","""陈武""&""潘璋""",交流和指导
"""孙夫人""","""周瑜""","conflict of interest, opposition"
"""孙夫人""","""赵云""","protectorship, warning"
"""孙夫人""","""张飞""","collaborative effort, assistance""|>"
"""夫人""","""玄德""",8
"""钟会、邓艾""","""左车骑将军张翼、右车骑将军廖化、卢逊""",军事冲突，防御与进攻
"""徐盛、丁奉""","""周瑜""","command, order execution"
"""马邈""","""邓艾""","指导, 咨询"
"""诸葛尚""","""诸葛瞻""",9
"""三国时期""","""时间背景""","历史阶段，政治斗争""，等级为6"
"""诸葛瞻""","""邓艾""","兵败,战死"
"""GLOBAL ROBOTICS CONFERENCE""","""DR. ANNA LEE""","presentation, contribution"
"""GLOBAL ROBOTICS CONFERENCE""","""PROF. ROBERT THOMPSON""","presentation, contribution"
"""刘表/<西川刘璋>""","""周瑜""/""诸葛亮""","strategic rivalry, power dynamics"
"""诸葛亮(孔明)""","""刘备""",联盟关系，政治策略
"""监军卫瓘""","""邓艾父子""",执行与被捕
"""公瑾""","""鲁肃""","合作,联盟"
"""胡烈""","""丘建""","秘密通信, 信息传递"
"""QU""","""TENG""","information sharing, loyalty"
"""QU""","""CAO""","confrontation, opposition"
"""TENG""","""CAO""","decision-making, moral evaluation"
"""司马炎""","""世子、晋王位""",继承与升迁
"""孙皓""","""东吴""","领导关系,失败与衰败"
"""孙皓""","""张华""",战争策略支持关系
"""羊祜""","""晋臣""","策略建议,影响力"
"""李堪""","""顾问角色""","建议提供者, 政策制定者"
"""杜预""","""晋主""","领导与被领导关系,战略实施"
"""杜预""","""晋镇南大将军""","指挥关系,胜利与征服"
"""张辽""","""吕布""",合作与对抗关系
"""张辽""","""曹操""","决策制定,忠诚测试"
"""郝萌""","""张飞""","冲突,战斗"" <|""10"">"
"""华佗""","""医术""","medical skill, trust and cooperation"
"""华佗""","""陈登""","患者关系,医患互动"
"""华佗""","""曹操""",9
"""蒲阪津""","""曹操""",8
"""周泰""","""陆逊""","collaboration, strategy discussion"
"""丁斐""","""策略""",7
"""丁斐""","""曹操""","策略提供,联盟关系"
"""田氏""","""内部援助""","insider assistance, local politics"
"""高顺""","""玄德""","冲突,竞争"
"""徐晃""","""司马懿""","command, leadership"
"""徐晃""","""曹操""","领导与效忠, 军事同盟""<SEP>7<SEP>9"
"""徐晃""","""关公""",9
"""徐晃""","""吕蒙""",7
"""徐晃""","""夏侯渊""","队伍竞争,锦袍争夺"
"""曹兵""","""陈登""","情报传递, 动员攻击"
"""曹兵""","""小沛城上的曹兵旗号""",占领与标识
"""糜竺""","""护送各官家眷""",7
"""孙乾""","""关公""",8
"""孙乾""","""张飞""","information relay, mission instruction"
"""孙乾""","""玄德(刘备)"".""","合作与伙伴关系,"
"""孙乾""","""曹操""","战略建议,帮助关系"
"""孙乾""","""调拨船只""",8
"""关、张二公""","""玄德""",8
"""操""","""刘玄德领徐州牧""",9
"""张松""","""曹操""","批评, 警告"
"""张松""","""刘备""","strategic alliance, influential advisor"
"""李典""","""戈定和后槽""",8
"""吴兵""","""吕蒙""","commanding authority, ethical guidelines"
"""吴兵""","""孙权""","leadership, military strength"
"""吴兵""","""外部支援""",8
"""薛兰、李封""","""曹操""",8
"""杨奉""","""与""",杨奉和董承一起讨论并决定保护皇帝，展示了他们在困难时期的合作关系以及他们为皇帝提供的帮助。
"""杨奉""","""韩暹""",盟友关系
"""平谏""","""曹操""",9
"""周善""","""孙权""","task delegation, leadership"
"""周善""","""赵云""","conflict, strategic mission"
"""申耽""","""太守""",职位描述
"""濡须坞""","""曹操""","build defenses against potential enemies, strategic response"
"""贾诩""","""曹操""","leadership, strategy""<SEP>9"
"""贾诩""","""智谋者""","策略规划者, 隐蔽行动的执行人"
"""泠苞""","""魏延""","冲突, 军事对峙"
"""张任""","""孔明""","策略制定, 胜利决策"
"""孫權""","""呂蒙""",謝賞、獎勵
"""孫權""","""張昭""",計策提供者、危機意識
"""孫權""","""關公""",哀悼、追贈
"""孫權""","""魯肅""",合作、策略交流
"""劉備""","""曹操""",對立、競爭
"""关兴""","""孔明""",8
"""关兴""","""魏延""",6
"""关兴""","""射箭技巧""",技艺与应变
"""董昭""","""提供策略给曹操""","政治顾问关系,决策支持"
"""建始殿""","""苏越""",8
"""荀攸""","""曹操""","战略联盟, 决策合作""<SEP>""战略顾问, 决策支持"
"""刘表""","""孙权""","权力转移,授权)"
"""刘表""","""江夏八俊""",交友关系，影响与权力
"""刘表""","""赵云""","效忠关系,"
"""司马昭""","""COMMANDED""","military leadership, strategic command"
"""司马昭""","""邓艾""",疑忌与应对
"""司马昭""","""策略制定者""","魏国,战略指导"
"""司马昭""","""姜维""","战略冲突,军事行动"
"""司马昭""","""司马懿""",6
"""鲁肃""","""周瑜""",">决策参与,信任建立)<SEP>""collaboration, strategic planning""<SEP>""friendship, collaboration""<SEP>""协力、咨询""<SEP>7"
"""鲁肃""","""孙权""","high respect, discussion""<SEP>""建议执行, 支持决策""<SEP>""忠诚服务,政治顾问""<SEP>communication, alliance consideration""|8"
"""鲁肃""","""东吴""","service, military defense"
"""鲁肃""","""孔明""","mediator, implementation bridge""<SEP>""建议交流, 说服策略""<SEP>""观点对立,策略讨论""<SEP>strategy discussion, collaboration suggestion""|9"
"""鲁肃""","""组织(二十只轻快船)""",安排、支援
"""鲁肃""","""刘备""","negotiation, alliance"
"""鲁肃""","""曹操""","多方联系, 人物评价"
"""司马懿""","""诸葛亮""","strategic interaction, information exchange""<SEP>""密谋,分歧"
"""司马懿""","""谏言""",7
"""司马懿""","""孔明""","strategic rivalry, military confrontation""<SEP>""战略对抗""<SEP>""战略对抗,战术策略""<SEP>""智慧对抗,策略解析""| 9<SEP>""联盟-竞争关系,策略对峙""<SEP>""误导与谋略""<SEP>9"
"""司马懿""","""李辅、邓贤""","support, coordination"
"""司马懿""","""张郃""",7<SEP>8
"""司马懿""","""斜谷大军""","command, strategy execution"
"""司马懿""","""姜维""","赏识与信任""，评分9<SEP>""高级将领间的合作与对话，军事指挥链"
"""司马懿""","""董寻、张茂""",6
"""司马懿""","""街亭围困""",10
"""司马懿""","""策略规划者""","战略规划,决策影响力"
"""赵云""","""夏侯惇""","combat, strategic interaction""<SEP>""战略制定者与防御指挥者的关系, 战略对峙"
"""赵云""","""夏侯渊""","个人对峙与战略互动关系, 军事冲突"
"""赵云""","""孙资 (SUN ZIXIAN)""","strategic advice, military capability"
"""赵云""","""单骑冲入绍军""","single rider charge, skill"
"""赵云""","""盟友关系""","联盟, 团队合作"
"""赵云""","""淳于导""&""夏侯恩""","combat victory, weapon acquisition"
"""赵云""","""刘备""","忠诚伙伴,战略执行者"
"""赵云""","""孔明""","command, strategy""<SEP>""command, successful strategy""<SEP>""leadership, strategic guidance"
"""赵云""","""玄德""",保护、忠诚关系
"""赵云""","""关公""/""GUAN YU""","legacy preservation, defense strategy"
"""赵云""","""张飞""","revenge, alignment of interests""<SEP>""teamwork, protection"
"""赵云""","""先锋将领""<|""赵云作为玄德的先锋，执行特定任务和关键战略部署。",9
"""赵云""","""追杀""","勇猛抵抗, 战斗"" <|"
"""赵云""","""直接战斗与保护孔明""","直接冲突, 保护行动"
"""夏侯渊""","""与曹操""",指挥与被指挥
"""夏侯渊""","""曹操""","军事指挥,战略制定""<SEP>""领导与被领导关系,冲突"
"""孟获""","""金环三结元帅、董荼那、阿会喃""","领导与被领导, 军事指挥链"
"""孟获""","""孔明""","谈判, 和平解决方案"" <|<SEP>9"
"""孟获""","""董荼那和阿会喃""","谈判, 放生"" <|"
"""孟获""","""决策者与策略思考""","领导, 防御策略"
"""诸葛亮""","""安排策略""","strategic planning, control"
"""诸葛亮""","""蒋琬、费袆、董厥、樊建""",9
"""诸葛亮""","""策略与决策""",智慧、领导力、预判
"""诸葛亮""","""周瑜""","求助、合作""<SEP>""领导与被领导的关系;担忧与应对策略的考虑"
"""诸葛亮""","""刘备""",联盟与合作
"""诸葛亮""","""玄德""",9
"""诸葛亮""","""姜维""",领导者与顾问关系，策略制定
"""诸葛亮""","""孔明""","合作、联合行动""<SEP>""策略指导、协助""<SEP>""领导,决策"
"""诸葛亮""","""张郃""","敌对,军事对抗"
"""诸葛亮""","""皇后人选建议""","国家治理,后继计划"
"""邓艾""","""取了江油""","征服, 战略行动"
"""邓艾""","""师纂、邓忠""","命令, 批评"
"""邓艾""","""姜维""","commander conflict, military confrontation""<SEP>9"
"""关公""","""刘备""","忠诚与情谊, 亲密战友关系"
"""关公""","""刮骨疗毒""","pain management, medical treatment"
"""关公""","""张飞""","brotherhood, commitment""<SEP>""empathy, explanation"
"""关公""","""荆州""","emotional connection, territorial claim""<SEP>""防御与关注""<SEP>8"
"""关公""","""士兵家庭""","领导关系,关怀，保护"
"""关公""","""孔明""",9
"""关公""","""玄德""",9
"""关公""","""甘、糜二夫人""",忠诚与沟通
"""孙权""","""周瑜""","invitation, assistance""<SEP>""指导、推荐""<SEP>""策略合作,忠诚关系""<SEP>""联盟,战略决策"
"""孙权""","""决策""",8
"""孙权""","""吕蒙""","loyalty, strategic execution""|>|9<SEP>""建议与接任"
"""孙权""","""陆逊""",决策与指派
"""孙权""","""东吴君主""","联盟构建,权力平衡"
"""孙权""","""孔明""","战略建议, 决策咨询"
"""孙权""","""招刘备为婿""",政治联姻、策略选择
"""孙权""","""许褚""","clash of armies, battle engagement"
"""张郃""","""三寨""","defense, conflict"
"""张郃""","""曹操""","领导与被领导关系,冲突"
"""姜维""","""献计给马遵""","strategic consultation, military wisdom"
"""姜维""","""孔明""","leadership, collaboration""<SEP>""strategic insight, talent utilization"
"""姜维""","""会合羌兵""","联盟与策略"" <|-7"
"""姜维""","""策略制定者""",策略与行动
"""刘备""","""孙策""","同时代人物,比较对比"
"""刘备""","""决策过程""",领导与决策
"""刘备""","""东吴""","alliances, strategic calculations"
"""刘备""","""曹操""","conflict of interest, territorial disputes""<SEP>""intellectual relationship"" <|<SEP>""potential conflict, rivalry""<SEP>""权力斗争, 盟友/对手关系""<SEP>""直接竞争关系,对抗策略""<SEP>""竞争和对抗关系""<SEP>""竞争对手, 势力冲突"
"""刘备""","""决策与行动""",领导决策与实际行动
"""刘备""","""面临挑战""","应对策略,危机管理"
"""刘备""","""周瑜""","政治联姻, 资源交换"
"""刘备""","""对抗曹操""",9
"""刘备""","""张飞""","对抗与合作,转变的关系,智谋""."
"""刘备""","""寻求帮助""","领导与被指导关系，求贤若渴""，等级为9"
"""刘备""","""玄德""","血缘关系, 同盟""<SEP>7<SEP>8"
"""刘备""","""忠诚""","领导力、情感"" <|-6>"
"""刘备""","""领军""","领导力,战略规划"
"""刘备""","""事件""","strategic interest, moral consideration"
"""吕布""","""曹操""&""荀彧、程昱""",5
"""吕布""","""追击""","pursuit, aggression"
"""吕布""","""计谋与行动""",策略、军事行动
"""吕布""","""玄德""","support vs rivalry, strategic cooperation"
"""吕布""","""董卓""","family relationship, political influence""<SEP>""忠诚,信任""<SEP>""权力斗争、领导与忠诚关系"
"""吕布""","""穆顺、方悦、武安国""","单人挑战,英勇无敌"
"""吕布""","""玄德""(RMBD)","conflict, accusation"
"""孔明""","""夏侯惇""","战略对抗, 战斗"
"""孔明""","""蜀兵""","command and strategy, leadership""<SEP>""领导与战术部署"
"""孔明""","""分拨已定""",10
"""孔明""","""提供策略""","战略顾问与领导者关系，知识分享""，等级为8"
"""孔明""","""决策""","领导, 策略制定"
"""孔明""","""曹操""","辩论, 战略分析"
"""孔明""","""董荼那、阿会喃""","战术部署,战略执行"
"""孔明""","""魏延""","command, successful capture""<SEP>""理解与使用人才""<SEP>""联盟, 智谋""<SEP>7"
"""孔明""","""战略规划""","智慧, 制胜策略"
"""孔明""","""周瑜""","军事竞争, 战略对抗"
"""孔明""","""玄德""","seeking advice, strategic analysis""<SEP>""strategic advisor, leadership guidance""<SEP>""信任、决策支持""<SEP>""合作伙伴关系，策略制定""<SEP>""请求指导, 智策交流""<SEP>8<SEP>9"
"""孔明""","""天气控制""",魔法、策略能力
"""孔明""","""大军""","指挥与执行,领导与追随"
"""孔明""","""策划欺诈性投降""",9
"""孔明""","""张飞""","strategy, guidance"
"""孔明""","""糜竺、糜芳、刘封""","command, organization"
"""孔明""","""策略制定""","战略思考, 决策"
"""孔明""","""平生专用火攻""",10
"""孔明""","""招安行动""","招安, 计谋, 领导"
"""董卓""","""李傕、郭汜等四人""","支持,反抗"
"""董卓""","""八路诸侯""","领土争夺,军事冲突"
"""董卓""","""张飞""",9
"""董卓""","""废立事件""","权力斗争,政治谋略"
"""董卓""","""曹操""","历史背景,事件严重性""）<SEP>""权力竞争,军事对抗"
"""曹操""","""薛兰、李封""&""赵云、玄德（刘备）""",6
"""曹操""","""孙策""","竞争关系,并提"
"""曹操""","""夜行之兵""","军事行动, 策略执行"
"""曹操""","""迁都以避之""",9
"""曹操""","""于禁与庞德""",9
"""曹操""","""夏侯渊,张郃""","loyalty, military leadership"
"""曹操""","""对抗袁绍""","军事竞争, 策略对决"
"""曹操""","""东吴,西蜀""","military confrontation, strategic planning"
"""曹操""","""周瑜""","冲突"", ""军事竞争""<SEP>""競爭、對立""<SEP>8"
"""曹操""","""领导军队""","军事领导,战争策略"
"""曹操""","""袁尚、袁谭""",领土争夺，敌对关系
"""曹操""","""东吴""",8
"""曹操""","""杨奉,韩暹""",冲突关系
"""曹操""","""许褚""","loyalty, military strategy"
"""曹操""","""决策者关系""","战略决策, 撤退"
"""曹操""","""发丘中郎将、摸金校尉""",9
"""曹操""","""兖、豫民众""",8
"""曹操""","""发起行动""",9
"""曹操""","""与杨昂、杨任""","领导,征服"
"""曹操""","""大乔""&""小乔""","权力追求,美女崇拜"
"""曹操""","""引用杜牧之词""","cultural reference, emotional expression"
"""曹操""","""八路诸侯""","联盟合作,联合抵抗"
"""曹操""","""王必与御林诸将""","抵抗, 抗衡"
"""曹操""","""邹氏""",7
"""曹操""","""关公朝见献帝""","政治联盟, 皇帝关系"
"""曹操""","""赐予绿锦战袍和美女金帛""",9
"""曹操""","""派遣军队""","侵略意图, 军事行动"
"""曹操""","""袁绍""","rivalry, conflict""<SEP>7<SEP>8"
"""曹操""","""玄德""","求助与接受援助的关系""<SEP>""警惕、试探"")<SEP>""领导与被领导者关系,冲突"" <|""9"">"
"""曹操""","""夏侯惇""","leadership, responsibility delegation"
"""曹操""","""计破马超""","军事策略, 间接对抗"
"""曹操""","""吕蒙""","strategy exchange, military action"
"""蜀兵""","""装载粮草""",运输与支援
"""蜀兵""","""陆逊""","strategy identification, insightful analysis"
"""张飞""","""糜竺、糜芳""","沟通, 寻找"
"""张飞""","""对抗者关系""","对抗, 威胁"
"""张飞""","""自杀想法""",决策、情绪反应
"""张飞""","""魏延""","团队协作, 保护盟友"
"""张飞""","""结亲邀请""","政治联盟,外交手段"
"""张飞""","""与刘备""","cooperation, shared ambition"
"""张飞""","""挑战吕布""","挑战,除贼决心"
"""张飞""","""直接战斗与合作""","战斗, 合作"
"""张飞""","""玄德""","制止暴力行为，仁慈品质""<SEP>""合作与领导力，直接作战作用""<SEP>""意见分歧, 助手角色""<SEP>""领导与信任, 关怀下属"
"""张飞""","""刘备旧将""","军事贡献,忠诚关系"
"""孙策""","""于吉被要求求雨赎罪""",9
"""孙策""","""挑战与回应""","竞争关系,个人实力"
"""孙策""","""活捉太史慈""","策略与武力结合, 抓人技巧"
"""孙策""","""活捉于糜""","军事胜利, 捕人"
"""孙策""","""吴城""","command, military operation"
"""夏侯惇""","""救援""","loyalty, rescue"
"""夏侯惇""","""推荐""","推荐,识别人才"
"""玄德""","""周都督""",冲突与竞争关系
"""玄德""","""登高瞭望""",8
"""玄德""","""阻止与指导""",情感支持、领导力
"""玄德""","""数百年历史修复者""","愿景与期望, 恢复历史"" <|"
"""玄德""","""邀请进入县衙""","尊重, 好奇心"
"""玄德""","""安喜县尉""",7
"""玄德""","""关张""","结盟,同舟共济""|>8"
"""玄德""","""魏延""",8
"""玄德""","""孙仲""",9
"""魏延""","""冷苞""","军事冲突,胜负关系"
"""魏延""","""朕""/""EMPEROR""","loyalty, leadership role"
"""陆逊""","""策略给出者""",10
"""陆逊""","""吕蒙""",推荐与接受
"""陆逊""","""挑战刘备""","防御策略,战略理解"
"""吕蒙""","""建议""",9
"""吕蒙""","""粮米""","支援,帮助"
"""袁绍""","""蒋奇军马""","派兵行动, 战败结果"
"""袁绍""","""与乌巢""","指挥, 军事决策"
"""袁绍""","""领导军队""",领导力，军事决策
"""袁绍""","""废立事件""","抵抗与逃离,个人抉择"
"""周瑜""","""决策者""",领导、验证
"""周瑜""","""庞统/","周瑜询问破曹策略并最终使用庞统提出的连环计。""|""请求与采纳""|9"
"""与""","""孔明(PRIME MINISTER)""","任命关系，分别任命为大将、参军和长史，负责军事管理、战略咨询和行政工作.""<SEP>""任命关系，派遣这些军事将领执行不同的作战任务.""<SEP>""委任关系，包括谏议大夫、尚书和祭酒等职务的任命，以扩大丞相的治理范围.""<SEP>""领导关系, 领导多个官员处理宫廷事务.""<SEP>""领导关系，丞相诸葛亮听取并考虑Chao Zhou的意见和建议."
"""正义与保护""","""蔡邕与王允""","保护,争取公正"
"""曹操与孙权""","""联盟与竞争""",6
"""抄后路行动""","""曹遵、朱赞""",execution of ambush operation
"""战略建议与反驳""","""郭图、沮授""","战略咨询与反对关系, 军事决策参与"
"""与蒋奇军队""","""作淳于琼部下""","冲突, 部队交锋"
"""医疗状况""","""吕蒙生病""",7
"""司马仪、辛毗""","""魏国将领""",7
"""与""(","""杨德祖""(",诸葛亮)
"""刘封、孟达""","""部队""","军事指挥, 决策制定"
"""CO-FEI""","""FENG YANG""","allegiance, conflict"
"""CO-FEI""","""E JUE""","alliance, conflict"
"""FENG YANG""","""YING COUNTY""","protection, strategic location"
"""FENG YANG""","""HUA JING""","alliance, strategic action"
"""合作""","""尚与审配""","联盟策略, 决策合作"
"""尚与审配""","""坚守""","战略防御, 守城责任"
"""WAN SHUAI""","""YIN HAILU""","support, event outcome"
"""孙资 (SUN ZIXIAN)""","""曹睿 (CAO RUI)""","strategic consultation, military leadership"
"""三郡总路""","""南安郡/天水郡/安定郡""","strategic passage, importance in campaign"
"""与曹嵩的关系""","""郭嘉, 满宠, 吕虔""","推荐, 寻找或保护"
"""盟友关系""","""韩遂与马超""","合作, 军事联盟"
"""决策与行动""","""姜维 ""","战略规划, 军事行动"
"""众降兵""","""刘备 """,领袖-追随者关系，军事决策
"""司马昭 ""","""弑君事件""","权力斗争, 谋杀与背叛"
"""运送粮草""","""陇西魏军""",9
"""孟达和申耽、申仪兄弟""","""策略建议""",8
"""FAMILY RELATIONSHIP""","""徐庶"" & ""母亲""",10
"""董荼那、阿会喃""","""魏延、王平、关索""","strategy implementation, capture assistance"
"""CONFLICT RESOLUTION""","""玄德与赵云""",8
"""COLLABORATION AND AGREEMENT""","""法正与孔明""",9
"""分兵两路而来""","""懿""",strategy implementation
"""懿""","""淮""",strategic dialogue
"""孔明引军在卤城打晒小麦""","""诸葛亮与军事准备活动的关系，包括耕作活动。""",command and agricultural preparation
"""《太平要术》""","""内容来源""",7
"""人物识别""","""张冀德""",身份确认
"""玄德""&""纪灵""","""玄德""与""纪灵""相互之间存在疑虑和忌惮，但为了大局暂时保持合作姿态.",7
"""张飞""&""主公""","""张飞'S LOYALTY AND OBEDIENCE TOWARDS THE MAIN CHARACTER.""",8
"""GUAN GONG'S ROLE AS A MEDIATOR BETWEEN PARTIES FOR PEACEKEEPING PURPOSES.""","""关公""&""主公""",9
"""刘熙""","""刘馥子""","family lineage, inheritance"
"""学士""","""秦宓""/""QIN MI""","advice, wisdom"
"""执行与配合""","""马岱与诸葛亮""",执行力、战术合作
"""张角, 张梁""","""许昌, 许韶""",领导权转移，权力交接
"""与刘备一行人的互动关系""","""蒋钦""&""周泰""",7
"""周都督""&""徐盛""&""丁奉""","""追击任务的领导与行动者关系""",9
"""求助关系""","""赵颜与老妇人""",7
"""诸葛亮""&""刘备一行人""","""预测与迎接关系""",10
"""测试卜算关系""","""管辂与刘邠""",8
"""COOPERATION""","""荀彧"" & ""程昱""",9
"""COOPERATION""","""大将军姜维""/""夏侯霸""","合作伙伴关系,战略配合"
"""于部下调遣""","""江油军马""",指挥与部署，战略调动
"""INTERACTION""","""曹操"" & ""徐庶的母亲""",7
"""婚姻关系""","""诸葛瞻与妻子""","婚姻联盟, 家族政治"
"""姜维与诸葛亮的合作""","""战略合作""","联盟决策, 战略协同"
"""吕凯、蒋琬""","""策略讨论""","建议与辩论,决策过程"
"""COMMANDER""","""毋丘俭""&""淮南军马""","leadership, military command"
"""ADVISOR""","""文钦""&""淮南军马""","strategic advice, advisory role"
"""文官群体""","""王朗,钟繇,王粲,陈琳""",集体行动
"""对抗""","""蜀国阵营""","军事竞争,国家对峙"
"""玄德、法正""","""策略制定""<|""玄德和法正共同策划军事行动，包括定军山战役等关键事件。",8
"""刘馥""","""扬州刺史""","leadership, political interaction"
"""CAO"" (曹)","""QU"" (QÙ)","confrontation, opposition"
"""韩遂/","韩文炳""",韩遂/韩文炳向马超提出建议以对付曹操的计划。”
"""晋主""","""王浑""","咨询与决策,建议与执行"
"""王平、张嶷、马岱、马忠、魏延""","""蜀军高级将领""",9
"""CONNECTION""","""周泰与甘宁、周瑜""","loyalty, combat assistance"
"""CONNECTION""","""瑜与吕蒙""","strategic partnership, leadership"
"""CONFLICT""","""彝陵防御与曹仁军""","defense vs. attack strategy, battle dynamics"
"""伏兵防御""","""马岱、马忠、张嶷等""",10
"""COMPARE""","""姜维""/""邓艾""","战略对决,军事智慧"
"""PERSON""","""陈氏""",7
"""策略与支援""","""赵云、张飞与孔明""","策略, 支援"
"""FRIENDSHIP""","""崔州平、石广元与艾谓望""","friendship, knowledge sharing"
